Player,Team,Positions,PTS,REB,AST,BLK,STL,FG%,FT%,3PM,GP,MIN,TO,Rank,Avg Rank
James Harden,HOU,"PG,SG",2143,423,481,55,118,0.443,0.866,284,67,2392,300,1,2.5
Luka Doncic,DAL,PG,1998,632,588,20,76,0.472,0.757,201,67,2363,278,3,3.5
Giannis Antetokounmpo,MIL,"SF,PF",1965,880,381,78,72,0.551,0.672,90,68,2179,249,5,4.6
Damian Lillard,POR,PG,1890,283,491,22,69,0.455,0.897,255,67,2440,188,7,7.5
Devin Booker,PHO,"PG,SG",1870,284,448,18,56,0.477,0.9,164,68,2435,256,13,14.2
Stephen Curry,GSW,"PG,SG",1794,336,381,23,88,0.464,0.92,305,65,2216,210,8,7.7
Bradley Beal,WAS,SG,1753,269,322,30,78,0.468,0.835,168,65,2317,200,17,17.5
Trae Young,ATL,PG,1746,260,597,9,64,0.441,0.864,204,67,2277,276,9,10.1
Karl-Anthony Towns,MIN,C,1735,762,250,101,67,0.51,0.815,198,68,2305,224,4,4.3
Donovan Mitchell,UTH,"PG,SG",1722,300,299,16,79,0.448,0.841,182,69,2380,191,37,23.6
Anthony Davis,LAL,"PF,C",1720,642,212,147,96,0.516,0.833,71,65,2223,149,2,2.8
Russell Westbrook,WAS,PG,1705,551,582,23,101,0.471,0.73,56,66,2327,279,23,25.6
Jayson Tatum,BOS,"SF,PF",1689,485,235,61,91,0.448,0.817,197,68,2388,164,10,10.6
Kevin Durant,BKN,"SF,PF",1669,400,313,57,45,0.511,0.878,130,65,2150,199,15,15.5
Zach LaVine,CHI,"SG,SF",1605,299,275,30,90,0.454,0.813,187,66,2284,211,29,32.5
LeBron James,LAL,"PG,SG,SF,PF",1604,501,593,35,77,0.503,0.692,129,64,2166,229,11,12.2
Kawhi Leonard,LAC,"SG,SF",1598,437,260,32,104,0.472,0.871,129,61,2025,148,12,12.4
Zion Williamson,NOR,PF,1575,473,141,40,56,0.591,0.656,23,61,1896,165,50,38.1
Pascal Siakam,TOR,PF,1562,516,233,59,71,0.468,0.79,133,67,2440,163,28,29.5
Brandon Ingram,NOR,"SF,PF",1561,378,260,45,59,0.478,0.801,150,66,2227,194,31,35.8
Paul George,LAC,"SF,PF",1550,428,245,27,108,0.435,0.856,235,65,2215,172,24,25.8
Joel Embiid,PHI,"PF,C",1529,748,207,101,51,0.483,0.808,71,62,1979,205,14,14.6
Kyrie Irving,BKN,"PG,SG",1528,284,396,25,79,0.495,0.898,159,63,2069,159,25,26.5
DeMar DeRozan,SAS,"SG,SF",1502,370,380,22,72,0.509,0.842,12,69,2361,166,44,52.8
Nikola Jokic,DEN,"PF,C",1486,724,513,48,87,0.52,0.825,86,69,2276,220,6,5.5
Shai Gilgeous-Alexander,OKC,"SG,SF,PG",1460,389,341,49,86,0.469,0.807,109,67,2357,155,22,24.7
Jamal Murray,DEN,"PG,SG",1453,284,352,20,74,0.459,0.877,161,67,2294,165,47,35.4
D'Angelo Russell,MIN,"PG,SG",1434,249,426,20,82,0.437,0.815,217,66,2094,207,55,43
CJ McCollum,POR,"PG,SG",1426,268,252,35,51,0.458,0.787,176,67,2351,117,59,56.3
Khris Middleton,MIL,"SG,SF",1423,411,279,6,67,0.473,0.886,172,67,2125,152,35,40
De'Aaron Fox,SAC,PG,1403,259,488,32,101,0.485,0.727,69,66,2220,206,48,36.1
Ja Morant,MEM,PG,1394,274,531,21,68,0.479,0.784,79,67,2231,241,40,31.3
Tobias Harris,PHI,"SF,PF",1390,480,216,36,48,0.485,0.825,137,69,2401,106,43,52.1
Collin Sexton,CLE,"PG,SG",1366,219,222,7,61,0.461,0.848,109,68,2321,174,78,80.8
Jaylen Brown,BOS,"SG,SF",1330,415,136,27,74,0.478,0.727,146,66,2266,151,56,47.9
TJ Warren,IND,"SF,PF ",1330,293,111,35,79,0.501,0.813,105,67,2259,83,52,59.4
Jimmy Butler,MIA,"SG,SF",1316,399,355,39,115,0.466,0.846,61,66,2263,135,19,19.5
Nikola Vucevic,ORL,"PF,C",1309,708,245,60,61,0.493,0.789,101,67,2108,109,26,27.5
Gordon Hayward,CHA,"SG,SF",1277,375,285,23,48,0.473,0.849,117,62,2128,137,58,55.3
Jrue Holiday,MIL,"PG,SG",1277,305,412,50,98,0.472,0.744,130,66,2244,188,33,38.2
Bojan Bogdanovic,UTH,"SF,PF",1253,274,133,4,41,0.466,0.872,179,66,2147,142,106,106.4
Kristaps Porzingis,DAL,"PF,C ",1244,539,104,118,43,0.439,0.794,144,57,1856,97,46,53.8
Deandre Ayton,PHO,C,1237,730,129,85,50,0.575,0.759,7,67,2152,129,18,18.3
Andrew Wiggins,GSW,"SG,SF",1211,292,201,50,55,0.447,0.719,117,68,2285,140,80,81.7
Kelly Oubre Jr.,GSW,"SF,PF",1194,371,95,50,80,0.45,0.777,139,66,2145,96,64,62.3
Julius Randle,NYK,"PF,C",1190,575,184,24,47,0.471,0.729,63,66,2049,183,72,72.8
Lou Williams,LAC,"PG,SG",1173,188,340,11,47,0.418,0.867,110,68,1836,165,115,120.1
John Collins,ATL,"PF,C",1170,557,101,71,39,0.567,0.783,72,65,1983,113,20,21.2
RJ Barrett,NYK,"SG,SF",1163,361,203,22,69,0.42,0.657,94,67,2250,181,118,122.7
Coby White,CHI,PG,1159,286,231,7,63,0.405,0.803,181,69,2155,137,82,83.2
LaMarcus Aldridge,SAS,"PF,C",1147,461,139,87,39,0.502,0.836,47,63,1982,92,41,50.9
Christian Wood,HOU,"PF,C",1146,554,82,75,45,0.543,0.744,86,66,1876,118,36,41
Buddy Hield,SAC,SG,1137,274,168,16,54,0.452,0.858,202,69,1879,126,67,63.7
Mike Conley,UTH,PG,1136,217,351,10,66,0.434,0.828,145,62,2002,124,95,95.6
Evan Fournier,ORL,"SG,SF",1132,182,219,13,70,0.449,0.817,162,67,2107,126,105,106.3
Domantas Sabonis,IND,"PF,C",1127,753,286,31,46,0.544,0.724,21,64,2173,168,34,38.4
Fred VanVleet,TOR,"PG,SG",1126,232,412,21,108,0.41,0.841,173,67,2242,138,51,38.8
Victor Oladipo,IND,"PG,SG",1121,298,267,20,90,0.423,0.786,125,63,1963,159,84,86.3
Bam Adebayo,MIA,"PF,C",1107,669,312,85,74,0.57,0.723,1,67,2202,175,16,16.6
Blake Griffin,DET,"PF,C",1101,388,252,22,35,0.452,0.761,104,56,1865,158,104,90.2
Dillon Brooks,MEM,"SG,SF",1096,231,139,26,61,0.411,0.797,137,69,1970,119,152,153.8
Andre Drummond,CLE,"PF,C",1095,899,133,97,99,0.541,0.579,10,69,2104,206,30,34.5
Kyle Lowry,TOR,PG,1092,310,470,27,88,0.416,0.849,167,65,2227,180,39,44.9
John Wall,HOU,PG,1089,216,453,43,81,0.433,0.723,107,60,1928,225,69,65.3
Kemba Walker,BOS,PG ,1088,207,246,22,51,0.43,0.859,157,54,1712,117,57,66.2
Montrezl Harrell,LAL,"PF,C",1088,422,109,80,46,0.609,0.653,0,67,1756,100,101,101.6
Derrick Rose,DET,"PG,SG",1084,153,308,18,47,0.488,0.862,57,63,1656,136,126,130.5
Ben Simmons,PHI,PG,1078,512,525,46,116,0.573,0.616,0,65,2257,219,21,23.2
Tim Hardaway Jr.,DAL,"SG,SF",1078,224,141,6,44,0.43,0.821,180,67,2004,82,141,146.5
Dennis Schroder,LAL,PG,1076,220,297,14,46,0.455,0.828,105,68,1962,144,100,101.5
Chris Paul,PHO,PG,1064,305,470,13,101,0.472,0.881,113,64,1989,148,32,37.5
Caris LeVert,BKN,"SG,SF",1053,248,259,16,71,0.437,0.71,98,63,1877,144,99,101.1
Malcolm Brogdon,IND,"PG,SG",1051,307,415,12,45,0.446,0.899,96,64,2074,143,63,62.3
Tyler Herro,MIA,"SG,SF",1046,300,182,12,46,0.437,0.869,168,66,2024,115,87,88.1
Josh Richardson,DAL,"SG,SF",1046,230,215,43,68,0.432,0.83,141,67,2215,120,109,111.8
Jusuf Nurkic,POR,C,1039,666,217,101,69,0.506,0.771,11,63,1942,150,42,32.2
Michael Porter Jr.,DEN,"SF,PF",1039,459,89,38,51,0.49,0.813,136,65,1717,100,62,61.7
Danilo Gallinari,ATL,"SF,PF",1035,307,119,11,39,0.442,0.899,156,62,1759,81,88,88.1
Lauri Markkanen,CHI,PF,1024,435,91,32,50,0.433,0.844,145,60,1946,100,73,74.6
Aaron Gordon,ORL,"SF,PF",1021,484,239,41,53,0.44,0.702,97,66,2174,114,74,76.9
Jonas Valanciunas,MEM,C,1017,729,122,75,27,0.57,0.756,30,67,1772,125,45,53.7
Jaren Jackson Jr.,MEM,"PF,C",1015,290,80,94,44,0.481,0.742,134,57,1666,106,54,61.1
Devonte' Graham,CHA,"PG,SG",1009,193,411,12,62,0.383,0.818,192,68,2049,162,81,83.2
Anthony Edwards,MIN,SG,1005,262,169,25,87,0.42,0.778,109,66,1989,136,133,126.3
Rudy Gobert,UTH,C,1002,877,108,133,49,0.683,0.631,0,67,2238,117,27,29.2
Eric Gordon,HOU,"SG,SF",1001,143,110,25,42,0.405,0.788,192,63,2016,90,177,175.6
Spencer Dinwiddie,BKN,"PG,SG",1000,162,319,18,33,0.44,0.786,100,66,1693,136,131,134.4
Eric Bledsoe,NOR,"PG,SG",992,299,345,25,78,0.48,0.787,81,65,1847,157,86,87.3
Rui Hachimura,WAS,"SF,PF",988,447,128,11,62,0.484,0.83,41,67,2193,81,117,122.2
Malik Beasley,MIN,"PG,SG",987,204,108,13,67,0.452,0.824,194,66,1879,82,123,127.3
Terrence Ross,ORL,"SG,SF",984,214,90,21,70,0.415,0.853,175,67,1831,69,149,153.2
Kevin Love,CLE,"PF,C",982,538,162,18,31,0.445,0.865,144,60,1794,135,75,77.5
Harrison Barnes,SAC,"SF,PF",974,309,132,12,40,0.454,0.811,95,69,2226,78,151,153.7
Jordan Clarkson,UTH,"PG,SG",966,175,147,16,41,0.462,0.851,124,68,1560,91,146,151.5
Darius Garland,CLE,PG,966,132,279,7,52,0.412,0.884,140,68,2163,181,144,148.1
LaMelo Ball,CHA,"PG,SG",948,298,406,19,76,0.409,0.73,121,66,1909,183,124,115.1
Obi Toppin,NYK,"SF,PF",942,442,96,64,47,0.5,0.71,65,68,1989,118,150,142.1
PJ Washington,CHA,"SF,PF",939,392,156,57,64,0.463,0.674,114,68,2187,122,110,112.3
Marvin Bagley III,SAC,"PF,C",933,470,57,56,34,0.496,0.747,26,61,1674,96,102,102
Serge Ibaka,LAC,"PF,C",933,508,81,61,26,0.509,0.735,70,65,1762,109,107,108.6
Jerami Grant,DET,"SF,PF",933,352,86,71,53,0.479,0.739,105,69,2163,66,103,105.3
JJ Redick,NOR,SG,931,151,129,11,21,0.456,0.897,177,65,1628,75,173,173.7
Joe Harris,BKN,"SG,SF",914,263,135,15,37,0.497,0.77,158,67,2054,100,129,132.3
Goran Dragic,MIA,"PG,SG",904,185,285,10,40,0.439,0.772,115,57,1637,132,112,114.4
Bogdan Bogdanovic,ATL,"SG,SF,PF",902,211,215,14,62,0.437,0.784,150,65,1833,108,96,97
Markelle Fultz,ORL,"PG,SG",895,244,375,14,90,0.46,0.737,48,67,2072,146,94,95.2
Davis Bertans,WAS,"PF,C",880,272,109,37,42,0.429,0.846,208,65,1828,68,98,99.1
Brandon Clarke,MEM,"PF,C",878,430,101,65,42,0.613,0.775,35,67,1597,72,61,77.2
Duncan Robinson,MIA,"SG,SF",872,209,100,17,38,0.469,0.895,241,68,1970,58,113,116.8
Terry Rozier,CHA,"PG,SG",852,226,193,11,54,0.415,0.858,134,69,1706,108,116,121.8
Seth Curry,PHI,"PG,SG",850,156,131,11,48,0.489,0.831,155,67,1801,80,121,124.8
Steven Adams,NOR,C,840,667,152,74,69,0.61,0.557,0,69,2045,119,77,80.5
Myles Turner,IND,"PF,C",836,455,85,149,50,0.466,0.741,87,66,1990,87,66,62.8
Thomas Bryant,WAS,C,834,469,115,70,28,0.59,0.753,41,63,1698,79,76,79.5
Robert Covington,POR,"PF,C,SF",833,425,82,81,97,0.437,0.804,160,67,2102,97,70,67.2
Clint Capela,ATL,"PF,C",831,657,79,101,42,0.624,0.565,0,64,1894,90,49,55.5
Miles Bridges,CHA,"SF,PF",825,365,113,53,46,0.443,0.788,94,70,2003,90,122,127.1
Kevin Porter Jr.,CLE,SG,821,249,173,21,67,0.449,0.742,94,65,1761,148,139,144.2
Norman Powell,TOR,"SG,SF",818,195,103,19,61,0.492,0.838,112,62,1556,84,111,113.9
Brook Lopez,MIL,C,805,305,96,146,42,0.444,0.83,120,68,1868,68,92,93.8
Kendrick Nunn,MIA,"PG,SG",803,143,174,11,43,0.444,0.858,107,65,1543,86,182,180.2
Al Horford,OKC,"PF,C",802,441,248,63,49,0.479,0.791,83,65,1874,86,93,94
Derrick White,SAS,"PG,SG",801,237,261,60,59,0.474,0.836,71,67,1835,101,91,90.4
Otto Porter Jr.,CHI,"SF,PF",798,277,119,30,82,0.461,0.787,112,58,1728,62,108,109.5
Cedi Osman,CLE,"SF,PF",792,270,169,13,54,0.439,0.723,123,67,2098,101,189,190.2
Marcus Smart,BOS,"PG,SG",786,242,296,30,105,0.385,0.829,139,66,2096,120,79,81.1
Lonzo Ball,NOR,PG,781,418,462,38,97,0.411,0.544,146,66,2169,190,60,59.7
Kyle Kuzma,LAL,"SF,PF",777,259,92,22,25,0.447,0.744,80,66,1537,81,154,155.2
Reggie Jackson,LAC,"PG,SG",775,148,226,7,32,0.424,0.854,113,62,1467,92,228,225.3
Dejounte Murray,SAS,"PG,SG",764,404,281,20,117,0.469,0.796,40,67,1802,135,68,64.4
Will Barton,DEN,"SG,SF",763,302,186,30,47,0.435,0.774,98,66,1719,87,114,117.4
De'Andre Hunter,ATL,SF,761,275,106,19,42,0.432,0.77,105,68,1942,97,148,152.8
Ricky Rubio,MIN,PG,759,243,428,13,89,0.407,0.857,72,65,1874,159,85,86.6
Alec Burks,NYK,"PG,SG,SF",758,262,144,20,48,0.408,0.868,80,65,1606,81,244,213.3
Jae Crowder,PHO,"SF,PF",754,343,134,23,60,0.397,0.752,141,68,1962,67,157,159.4
Deni Avdija,WAS,"SG,SF",753,239,124,30,47,0.459,0.772,84,67,1609,86,242,219
Wendell Carter Jr.,CHI,C,752,571,90,70,51,0.524,0.751,13,65,1952,106,83,86.3
Gary Harris,DEN,"SG,SF",747,186,142,19,82,0.428,0.814,90,65,2003,81,174,174.2
Eric Paschall,GSW,"SF,PF",746,228,108,12,26,0.544,0.783,38,67,1478,77,190,191.6
Tyrese Haliburton,SAC,"PG,SG",745,219,269,17,74,0.457,0.802,90,66,1689,134,158,135.9
Carmelo Anthony,POR,"SF,PF",736,302,67,22,34,0.428,0.823,78,66,1623,77,179,175.8
Hassan Whiteside,SAC,"PF,C",731,638,53,114,27,0.608,0.616,3,64,1527,77,53,59.6
Jarrett Allen,BKN,"PF,C",728,592,94,91,33,0.636,0.67,1,68,1778,79,97,97.9
Taurean Prince,BKN,"SF,PF",725,284,115,19,51,0.422,0.812,126,66,1691,107,212,210.6
Ivica Zubac,LAC,C,725,596,96,77,20,0.578,0.757,0,68,1663,80,164,166.6
OG Anunoby,TOR,"SF,PF",720,337,97,40,89,0.48,0.671,94,68,2009,85,90,89.9
Killian Hayes,DET,"PG,SG",714,174,293,13,68,0.438,0.842,71,66,1635,140,142,134.6
Donte DiVincenzo,MIL,"PG,SG",709,358,172,22,96,0.453,0.746,109,67,1786,96,127,131
Paul Millsap,DEN,"PF,C",704,362,103,40,57,0.481,0.779,58,63,1536,84,145,149.4
Luguentz Dort,OKC,SG,699,185,68,12,65,0.402,0.768,93,67,1888,60,251,180
Aron Baynes,TOR,C,695,423,109,47,20,0.478,0.775,74,63,1578,84,220,197.6
Kentavious Caldwell-Pope,LAL,"PG,SG,SF",695,179,100,14,65,0.454,0.822,108,68,1775,54,213,212.5
Jeremy Lamb,IND,"SG,SF ",693,245,114,24,62,0.45,0.851,65,58,1506,58,159,161
James Wiseman,GSW,C,688,513,66,106,38,0.538,0.699,3,66,1804,85,135,130.5
Luke Kennard,LAC,"SG,SF",679,181,144,9,26,0.451,0.871,115,63,1552,63,138,143.9
Kevin Huerter,ATL,"SG,SF",675,210,200,27,52,0.427,0.802,128,66,1793,88,130,133.2
Bryn Forbes,MIL,"PG,SG",675,136,102,0,30,0.432,0.84,143,66,1501,54,302,272
Elfrid Payton,NYK,PG,671,303,438,26,90,0.437,0.659,33,64,1908,150,147,151.9
Rudy Gay,SAS,"SF,PF",671,327,116,29,36,0.48,0.843,54,66,1357,82,207,205.5
Mikal Bridges,PHO,"SG,SF",671,275,138,40,107,0.479,0.83,92,69,2129,75,89,88.8
Delon Wright,DET,"PG,SG,SF",670,305,267,27,99,0.458,0.788,59,67,1819,87,136,143.4
Naz Reid,MIN,C,669,295,80,52,46,0.437,0.714,77,62,1221,50,400,400
Bobby Portis,MIL,"PF,C",669,362,86,20,32,0.46,0.778,76,65,1318,70,199,200.8
Cameron Johnson,PHO,"SG,SF",665,231,85,26,47,0.438,0.801,148,65,1643,54,169,171.8
Richaun Holmes,SAC,"PF,C",665,415,57,69,47,0.642,0.772,0,66,1465,60,71,85.3
Nemanja Bjelica,SAC,PF,664,376,155,34,47,0.485,0.799,97,68,1681,78,232,207.6
Cody Zeller,CHA,"PF,C",663,418,105,39,45,0.527,0.716,17,63,1546,84,192,195.1
Cam Reddish,ATL,"SG,SF",652,206,81,28,59,0.413,0.805,89,66,1538,97,132,138.7
Mitchell Robinson,NYK,C,648,492,43,148,62,0.721,0.578,0,67,1665,45,38,44.8
Devin Vassell,SAS,SG,647,214,104,30,46,0.47,0.754,92,67,1406,68,400,400
Dwight Powell,DAL,"PF,C",646,372,99,41,51,0.624,0.708,24,66,1635,56,176,175.3
Darius Bazley,OKC,"SF,PF",635,372,68,62,39,0.418,0.724,92,64,1617,74,194,157.9
Daniel Theis,BOS,"PF,C",633,438,110,83,39,0.55,0.759,35,67,1649,63,125,129.8
DeMarcus Cousins,HOU,"PF,C",631,360,126,55,55,0.465,0.727,49,50,1215,121,170,151.4
Justin Holiday,IND,"SG,SF",630,236,105,33,85,0.408,0.842,129,67,1914,60,234,210.7
Jabari Parker,SAC,"SF,PF",627,265,88,19,44,0.511,0.735,38,58,1115,78,222,222.1
Gary Trent Jr.,POR,SG,627,129,74,23,65,0.438,0.803,128,65,1638,58,261,184
Joe Ingles,UTH,"SG,SF",627,241,319,12,58,0.449,0.757,126,68,1854,124,120,124.2
Josh Okogie,MIN,"PG,SG,SF",615,265,104,29,82,0.426,0.785,63,67,1772,91,197,197.5
Tristan Thompson,BOS,"PF,C",614,554,113,48,33,0.523,0.618,8,64,1614,89,160,163
Josh Hart,NOR,"SG,SF",614,354,106,29,63,0.425,0.722,111,66,1712,67,209,208.2
Jeff Green,BKN,"SF,PF,C",613,205,80,23,27,0.484,0.856,71,67,1411,63,243,243.5
Draymond Green,GSW,"PF,C",612,453,446,60,96,0.443,0.735,61,67,2115,174,65,62.7
Langston Galloway,PHO,"PG,SG",612,138,89,10,40,0.422,0.853,123,67,1550,32,312,288
D.J. Augustin,MIL,PG,609,129,259,0,33,0.452,0.877,83,66,1434,83,219,219.7
Troy Brown Jr.,WAS,"SG,SF",608,325,153,6,71,0.447,0.764,55,67,1575,68,167,168
Patty Mills,SAS,PG,608,109,142,6,43,0.426,0.857,115,68,1369,59,290,245
Thaddeus Young,CHI,"SF,PF",603,291,108,20,83,0.474,0.621,59,68,1499,84,183,180.2
Moritz Wagner,WAS,"PF,C",597,320,82,30,40,0.528,0.816,46,61,1251,101,258,251.1
Dario Saric,PHO,"PF,C",595,328,104,11,32,0.464,0.847,83,65,1423,75,168,170.7
Larry Nance Jr.,CLE,"PF,C",594,418,148,32,71,0.53,0.698,49,63,1624,78,119,122.8
Ish Smith,WAS,PG,592,169,257,19,46,0.46,0.724,43,67,1459,74,216,214.4
Patrick Williams,CHI,SF,589,248,97,37,64,0.463,0.753,71,66,1519,61,287,241
Monte Morris,DEN,"PG,SG",582,123,224,11,53,0.473,0.82,61,68,1434,45,217,214.7
Maxi Kleber,DAL,"PF,C",578,351,80,78,25,0.473,0.825,97,68,1694,52,186,183.2
Danuel House Jr.,HOU,"SF,PF,SG",577,237,69,28,57,0.432,0.786,111,63,1695,48,185,181.3
Mason Plumlee,DET,"PF,C",568,431,196,58,51,0.595,0.547,0,64,1507,107,230,226.6
Derrick Favors,UTH,"PF,C",567,482,78,59,36,0.604,0.622,5,64,1372,61,134,139.3
Kent Bazemore,GSW,"SG,SF",563,225,110,32,71,0.396,0.75,75,66,1466,86,229,225.8
James Johnson,DAL,"SF,PF,C",558,257,147,58,41,0.465,0.667,72,59,1445,91,227,225.3
Danny Green,PHI,"SG,SF",558,234,94,38,70,0.427,0.753,127,68,1728,61,187,185
Markieff Morris,LAL,"PF,C",553,252,82,23,34,0.448,0.784,74,66,1306,67,225,223.1
Aaron Holiday,IND,"PG,SG",551,130,186,15,44,0.416,0.843,79,65,1375,72,263,235.8
Shake Milton,PHI,"PG,SG",550,138,146,14,31,0.47,0.787,85,63,1255,69,259,183
Tomas Satoransky,CHI,"PG,SG",548,210,281,7,70,0.45,0.838,57,68,1652,106,178,175.7
DeAndre Jordan,BKN,C,546,638,117,55,22,0.668,0.683,0,66,1478,91,128,131.5
Justise Winslow,MEM,"PF,SF",545,264,184,15,45,0.436,0.634,52,59,1345,92,166,167.7
Marc Gasol,LAL,C,545,391,201,56,49,0.444,0.76,67,62,1605,84,143,147.2
Alex Len,TOR,"PF,C",542,336,59,52,24,0.525,0.652,33,66,1127,60,221,222
Jeff Teague,BOS,"PG,SG",541,110,270,18,38,0.436,0.865,40,58,1204,95,156,156.7
Denzel Valentine,CHI,"SG,SF",539,189,111,13,55,0.421,0.749,100,66,1198,55,308,278
Jordan Poole,GSW,SG,536,113,128,10,32,0.386,0.807,86,65,1240,65,400,400
Kelly Olynyk,MIA,"PF,C",533,273,106,25,37,0.479,0.826,84,67,1231,71,206,204.9
Jaxson Hayes,NOR,C,532,294,63,67,28,0.664,0.654,1,65,1201,53,165,166.6
Trevor Ariza,OKC,"SG,SF",527,284,125,13,71,0.418,0.837,102,64,1611,69,175,174.6
Jalen Brunson,DAL,"PG,SG",524,143,196,5,28,0.479,0.766,47,65,1205,68,296,257
Frank Kaminsky,SAC,"PF,C",523,216,92,15,19,0.475,0.717,54,63,1089,48,400,400
George Hill,OKC,"PG,SG",519,157,150,10,47,0.481,0.825,66,65,1284,55,239,238.9
Austin Rivers,NYK,"PG,SG",516,151,124,13,40,0.413,0.626,73,68,1660,54,272,230.5
Dorian Finney-Smith,DAL,"SF,PF",509,313,89,33,46,0.456,0.726,81,67,1601,57,254,161.5
Jalen Smith,PHO,PF,505,285,42,48,24,0.527,0.729,34,67,1348,64,400,400
Enes Kanter,POR,C,502,419,61,32,20,0.568,0.745,3,61,1011,65,201,202
Dwight Howard,PHI,"PF,C",502,477,44,63,30,0.68,0.52,2,66,1297,80,208,207.6
Rajon Rondo,ATL,PG,499,244,387,7,59,0.417,0.647,63,63,1558,140,223,222.3
Sekou Doumbouya,DET,"SF,PF",498,241,37,18,42,0.402,0.681,53,61,1511,68,196,200.8
Derrick Jones Jr.,POR,"SG,SF,PF",490,243,57,42,55,0.492,0.718,35,60,1366,34,184,181.1
P.J. Tucker,HOU,"PF,C,SF",486,442,94,31,83,0.414,0.763,108,69,2371,63,161,164
Boban Marjanovic,DAL,C,484,322,52,27,17,0.61,0.758,8,61,781,64,260,254
Patrick Beverley,LAC,"PG,SG",483,309,218,30,62,0.422,0.715,98,62,1630,74,171,173.4
Chris Boucher,TOR,"PF,C",476,319,29,78,29,0.465,0.791,43,64,972,34,153,143.1
Matisse Thybulle,PHI,"SG,SF",472,128,99,58,109,0.431,0.651,81,64,1594,64,181,180
Frank Ntilikina,NYK,"PG,SG",471,160,226,23,69,0.391,0.819,65,66,1575,99,277,211
Robin Lopez,WAS,C,469,184,60,47,9,0.554,0.665,17,66,1141,68,305,276
Tyus Jones,MEM,PG,463,120,293,7,65,0.449,0.799,44,67,1367,54,218,215.2
Onyeka Okongwu,ATL,"PF,C",462,251,46,56,31,0.542,0.711,10,63,1097,86,289,244
JaVale McGee,CLE,C,459,363,33,81,29,0.617,0.65,1,67,1083,58,193,196.6
De'Anthony Melton,MEM,"PG,SG",456,226,191,23,79,0.411,0.791,44,65,1252,91,163,165.1
Willie Cauley-Stein,DAL,"PF,C",455,339,89,43,47,0.585,0.571,0,66,1157,43,211,210.5
Keldon Johnson,SAS,SF,450,175,53,8,45,0.505,0.772,34,50,915,40,256,167.5
Reggie Bullock,NYK,"SG,SF",450,119,77,7,34,0.422,0.847,83,62,1316,39,400,400
Harry Giles III,POR,"PF,C",444,263,80,25,32,0.541,0.717,0,63,968,62,214,214.3
Rodney Hood,POR,"SG,SF",442,110,61,9,32,0.47,0.83,63,45,1095,33,235,235.9
Kyle Anderson,MEM,"SF,PF",442,336,167,42,62,0.517,0.637,20,68,1528,74,215,213.6
Willy Hernangomez,NOR,C,434,322,63,21,19,0.555,0.667,12,62,807,68,400,400
Al-Farouq Aminu,ORL,"SF,PF",427,342,67,25,47,0.396,0.813,62,60,1423,49,246,240.4
Kris Dunn,ATL,"PG,SG,SF ",427,180,214,21,71,0.442,0.764,33,62,1259,85,205,203.9
Bruce Brown,FA,SG,427,227,179,28,49,0.449,0.745,28,65,1480,76,400,400
Zach Collins,POR,"PF,C ",420,263,62,52,21,0.48,0.761,37,55,1209,65,180,179.3
JaMychal Green,DEN,"PF,C",417,342,44,23,30,0.457,0.765,68,66,1179,55,231,227.2
DeAndre' Bembry,TOR,"SF,PF,SG",415,236,125,26,77,0.459,0.61,30,64,1316,87,400,400
James Ennis III,ORL,"SG,SF",415,207,54,21,38,0.441,0.767,55,66,1292,45,286,239
Jahlil Okafor,DET,C,406,226,46,36,13,0.587,0.657,1,62,831,50,307,278
Nerlens Noel,NYK,"PF,C",405,309,53,89,61,0.603,0.72,0,65,1162,62,140,146
Royce O'Neale,UTH,SF,400,318,142,25,53,0.452,0.757,74,68,1727,60,191,193.7
Cory Joseph,SAC,"PG,SG",387,175,210,16,52,0.424,0.79,38,69,1511,56,257,245.7
Jordan McLaughlin,MIN,PG,385,84,212,7,62,0.48,0.689,49,62,1073,55,288,242
Jakob Poeltl,SAS,C,381,336,94,76,33,0.643,0.511,0,67,1160,49,155,155.6
Marquese Chriss,GSW,"PF,C",372,251,72,42,31,0.501,0.744,15,62,906,58,137,143.7
Mohamed Bamba,ORL,C,367,315,48,88,23,0.467,0.635,41,59,978,50,249,239.2
Omari Spellman,NYK,"PF,C",366,228,49,27,30,0.441,0.773,42,62,975,48,400,400
Michael Carter-Williams,ORL,"PG,SG",364,171,132,28,55,0.415,0.815,24,55,957,61,284,234
Emmanuel Mudiay,UTH,PG,356,98,106,9,20,0.452,0.768,28,42,717,62,400,400
Mike Muscala,OKC,"PF,C",351,181,56,24,17,0.402,0.831,74,64,933,32,400,400
Isaiah Stewart,DET,"PF,C",351,248,37,45,27,0.526,0.729,4,65,1086,67,400,400
Dennis Smith Jr.,NYK,"PG,SG",338,89,130,11,33,0.403,0.608,30,40,805,76,241,236.3
Noah Vonleh,CHI,"PF,C",329,302,74,24,30,0.489,0.721,24,61,1026,48,306,277
Bismack Biyombo,CHA,"PF,C",321,283,43,47,10,0.561,0.619,0,66,954,47,400,400
JaKarr Sampson,IND,"SG,SF,PF",298,159,28,22,23,0.566,0.686,9,62,834,22,400,400
Andre Iguodala,MIA,"SG,SF",279,185,141,39,40,0.478,0.536,36,62,1156,44,279,219
Kevon Looney,GSW,"PF,C",269,223,67,25,37,0.525,0.663,0,48,810,36,198,200
Ed Davis,MIN,"PF,C",253,384,36,29,26,0.596,0.613,0,66,914,40,400,400
Tacko Fall,BOS,C,245,160,13,32,10,0.679,0.512,1,52,438,39,400,400
Daniel Gafford,CHI,"C,PF",244,132,27,68,18,0.603,0.532,0,58,810,35,295,256
Bruno Fernando,ATL,C,243,201,50,16,18,0.543,0.578,6,61,719,40,400,400
Rodions Kurucs,BKN,"SF,PF",242,119,32,11,19,0.459,0.73,30,42,625,38,245,240.1
Gorgui Dieng,MEM,"PF,C",236,178,39,27,25,0.493,0.787,18,45,582,32,200,200.9
Damian Jones,PHO,C,225,146,33,28,20,0.701,0.715,1,57,710,21,400,400
Robert Williams III,BOS,"PF,C",223,218,39,64,33,0.711,0.615,0,46,697,35,162,165.1
Goga Bitadze,IND,C,214,132,29,44,10,0.46,0.734,10,65,592,33,210,209.2
Luke Kornet,CHI,"PF,C",195,74,31,24,14,0.405,0.778,37,34,493,13,400,400
Vincent Poirier,PHI,C,178,176,34,34,9,0.493,0.779,1,43,550,34,400,400
Khem Birch,ORL,"PF,C",150,145,29,17,14,0.593,0.671,0,43,591,17,400,400
Cristiano Felicio,CHI,C,132,130,24,2,11,0.617,0.709,0,41,483,21,400,400
Kyle O'Quinn,PHI,"PF,C",132,124,49,25,7,0.527,0.699,3,41,355,28,400,400
Chris Silva,MIA,"SG,PF",95,92,20,19,6,0.573,0.691,0,40,260,25,400,400